id,first_name,last_name,email,phone,date_of_birth,nationality
P00001,Victoria,Hernandez,victoria.hernandez@example.com,+1-485-574-6501,1994-03-03,UK
P00002,Michael,Robinson,michael.robinson@example.com,+1-823-199-1490,1968-04-12,Canada
P00003,Joshua,Clark,joshua.clark@example.com,+1-166-207-6521,1992-12-21,USA
P00004,Evelyn,Hall,evelyn.hall@example.com,+1-104-196-8014,1971-04-22,Japan
P00005,Charles,Mitchell,charles.mitchell@example.com,+1-520-520-9819,1997-06-20,Germany
P00006,Andrew,Lee,andrew.lee@example.com,+1-427-138-9897,1962-12-23,UAE
P00007,Sofia,Martin,sofia.martin@example.com,+1-244-692-7181,1998-08-10,India
P00008,Riley,Young,riley.young@example.com,+1-934-133-5865,1978-06-19,Germany
P00009,Evelyn,Evans,evelyn.evans@example.com,+1-304-903-1280,1995-05-06,UK
P00010,Emily,Jackson,emily.jackson@example.com,+1-709-665-3390,1977-07-05,USA
P00011,Zoey,Mitchell,zoey.mitchell@example.com,+1-344-597-5373,1947-01-15,Canada
P00012,Donald,Robinson,donald.robinson@example.com,+1-543-627-4989,1964-07-18,Canada
P00013,Kenneth,White,kenneth.white@example.com,+1-137-394-6634,1983-01-22,Japan
P00014,Scarlett,King,scarlett.king@example.com,+1-609-611-4552,1961-05-14,UAE
P00015,William,Collins,william.collins@example.com,+1-959-505-5247,2000-05-11,Germany
P00016,Harper,Thomas,harper.thomas@example.com,+1-301-288-2663,1967-07-13,France
P00017,Kevin,Lopez,kevin.lopez@example.com,+1-651-728-6330,1972-04-23,UAE
P00018,Abigail,Baker,abigail.baker@example.com,+1-276-254-1582,2002-01-28,Singapore
P00019,Robert,Hall,robert.hall@example.com,+1-962-348-5937,1968-05-09,USA
P00020,Timothy,Gonzalez,timothy.gonzalez@example.com,+1-374-729-5596,1986-02-15,Germany
P00021,Anthony,Anderson,anthony.anderson@example.com,+1-930-165-1370,1949-02-02,UK
P00022,Donald,Perez,donald.perez@example.com,+1-882-621-7439,1998-12-05,UK
P00023,Grace,King,grace.king@example.com,+1-922-416-8732,1991-12-14,India
P00024,Victoria,Nelson,victoria.nelson@example.com,+1-251-158-3137,1960-08-02,Australia
P00025,Steven,Jackson,steven.jackson@example.com,+1-172-679-7501,1949-02-22,Germany
P00026,William,Scott,william.scott@example.com,+1-867-405-7620,1984-04-11,Japan
P00027,Emma,Green,emma.green@example.com,+1-548-137-5739,1980-10-13,UK
P00028,Zoey,Clark,zoey.clark@example.com,+1-251-894-9802,1975-11-29,UAE
P00029,Emily,Smith,emily.smith@example.com,+1-771-327-9622,2006-10-28,Germany
P00030,Isabella,Lewis,isabella.lewis@example.com,+1-884-970-7752,1982-07-05,Germany
P00031,Joseph,Hernandez,joseph.hernandez@example.com,+1-164-409-8595,2006-01-04,UAE
P00032,Aubrey,Young,aubrey.young@example.com,+1-184-130-1820,1988-01-12,Germany
P00033,Mia,Walker,mia.walker@example.com,+1-844-162-8734,1947-03-23,USA
P00034,Thomas,Jackson,thomas.jackson@example.com,+1-476-680-1290,1959-07-27,Australia
P00035,Matthew,Scott,matthew.scott@example.com,+1-153-586-4102,1978-09-10,USA
P00036,Matthew,Harris,matthew.harris@example.com,+1-653-717-1447,1983-07-03,Australia
P00037,Daniel,Miller,daniel.miller@example.com,+1-707-832-4885,1988-04-03,Japan
P00038,Timothy,Thompson,timothy.thompson@example.com,+1-173-308-6235,1967-10-15,UK
P00039,Edward,Young,edward.young@example.com,+1-749-451-6856,1994-02-15,France
P00040,Joshua,Lopez,joshua.lopez@example.com,+1-362-512-2562,1971-01-08,Canada
P00041,Anthony,Allen,anthony.allen@example.com,+1-625-585-6070,1961-07-19,UK
P00042,Ella,Evans,ella.evans@example.com,+1-636-950-8014,1973-01-17,Canada
P00043,Riley,Allen,riley.allen@example.com,+1-296-108-9974,1961-06-26,UK
P00044,Joseph,Hill,joseph.hill@example.com,+1-844-642-5006,1962-06-27,France
P00045,Andrew,Lopez,andrew.lopez@example.com,+1-772-604-3682,1986-01-27,Singapore
P00046,Chloe,Hill,chloe.hill@example.com,+1-245-556-1839,1969-06-23,Canada
P00047,Elizabeth,Allen,elizabeth.allen@example.com,+1-966-188-6673,1990-01-28,Germany
P00048,Aubrey,Carter,aubrey.carter@example.com,+1-477-434-1608,1979-02-12,Germany
P00049,Steven,Moore,steven.moore@example.com,+1-818-719-8562,1981-11-30,Germany
P00050,Anthony,Phillips,anthony.phillips@example.com,+1-211-206-3575,2002-02-25,Canada
P00051,Avery,Clark,avery.clark@example.com,+1-896-517-5596,1965-05-15,Australia
P00052,Kenneth,Martin,kenneth.martin@example.com,+1-701-923-2631,1966-10-27,Canada
P00053,David,Green,david.green@example.com,+1-345-268-9916,1951-02-14,France
P00054,Joseph,Clark,joseph.clark@example.com,+1-193-264-1528,2005-05-23,UAE
P00055,Emily,Thomas,emily.thomas@example.com,+1-547-302-7664,2003-06-06,Australia
P00056,Mia,Nelson,mia.nelson@example.com,+1-811-177-4308,1974-01-08,Australia
P00057,Lily,Green,lily.green@example.com,+1-802-667-4217,1967-04-19,UAE
P00058,James,Davis,james.davis@example.com,+1-963-971-2935,1959-02-02,Singapore
P00059,Mark,Harris,mark.harris@example.com,+1-458-455-8584,1983-07-31,Canada
P00060,George,Allen,george.allen@example.com,+1-720-666-7640,1961-01-11,India
P00061,Emily,Smith,emily.smith@example.com,+1-717-974-2125,1996-06-08,UAE
P00062,Charles,Lopez,charles.lopez@example.com,+1-586-469-1375,1964-11-19,France
P00063,Sofia,Phillips,sofia.phillips@example.com,+1-985-989-3823,1971-05-13,Germany
P00064,Evelyn,Anderson,evelyn.anderson@example.com,+1-823-937-3688,1977-11-17,USA
P00065,Timothy,King,timothy.king@example.com,+1-827-719-9462,1984-05-04,Germany
P00066,Thomas,Thompson,thomas.thompson@example.com,+1-142-232-6911,1949-01-04,India
P00067,Steven,Allen,steven.allen@example.com,+1-280-666-1998,1971-06-05,Australia
P00068,Grace,Roberts,grace.roberts@example.com,+1-700-987-2843,2004-08-12,UK
P00069,Mark,Thomas,mark.thomas@example.com,+1-856-117-8038,1969-07-04,UK
P00070,James,Young,james.young@example.com,+1-124-828-2994,1950-12-31,Japan
P00071,Riley,Harris,riley.harris@example.com,+1-909-359-5304,1956-04-18,France
P00072,John,Carter,john.carter@example.com,+1-371-869-8677,1952-08-19,Singapore
P00073,Chloe,Anderson,chloe.anderson@example.com,+1-710-570-2988,1985-06-01,France
P00074,Lily,Smith,lily.smith@example.com,+1-752-255-7755,1966-04-17,Germany
P00075,Mark,Campbell,mark.campbell@example.com,+1-696-532-6796,1973-03-22,Australia
P00076,Amelia,Scott,amelia.scott@example.com,+1-807-459-7094,1952-11-25,UK
P00077,Kevin,Edwards,kevin.edwards@example.com,+1-955-982-3980,1994-05-26,Germany
P00078,Evelyn,Miller,evelyn.miller@example.com,+1-476-296-3389,1945-09-09,UAE
P00079,Ella,Scott,ella.scott@example.com,+1-584-974-1624,2006-06-17,Japan
P00080,Brian,Anderson,brian.anderson@example.com,+1-404-144-8082,1979-01-04,UAE
P00081,Sofia,Thompson,sofia.thompson@example.com,+1-932-439-6848,1978-05-04,Canada
P00082,Harper,Lee,harper.lee@example.com,+1-437-426-4229,1999-09-30,USA
P00083,Emma,Baker,emma.baker@example.com,+1-518-174-4879,1946-02-24,Canada
P00084,Mia,Thompson,mia.thompson@example.com,+1-548-698-3773,1997-01-21,India
P00085,Kevin,Harris,kevin.harris@example.com,+1-743-523-1501,1990-08-02,UK
P00086,Amelia,Phillips,amelia.phillips@example.com,+1-129-135-2848,1962-03-08,India
P00087,Andrew,Lewis,andrew.lewis@example.com,+1-823-119-5967,1947-08-12,Australia
P00088,Joseph,Allen,joseph.allen@example.com,+1-149-826-3477,1996-04-10,UK
P00089,Edward,Garcia,edward.garcia@example.com,+1-627-407-9193,1983-03-05,Japan
P00090,Sofia,Martinez,sofia.martinez@example.com,+1-709-646-6532,1949-08-13,Australia
P00091,Thomas,Thomas,thomas.thomas@example.com,+1-905-105-5952,1979-01-13,Australia
P00092,Brian,Wright,brian.wright@example.com,+1-623-259-3351,1962-10-09,Singapore
P00093,Sophia,Jackson,sophia.jackson@example.com,+1-419-860-2976,1949-01-15,Australia
P00094,Victoria,Mitchell,victoria.mitchell@example.com,+1-526-848-8561,1945-11-26,Japan
P00095,Timothy,Anderson,timothy.anderson@example.com,+1-419-970-5838,1976-09-15,Japan
P00096,Kevin,Hall,kevin.hall@example.com,+1-175-355-9541,1960-11-20,UAE
P00097,Abigail,Scott,abigail.scott@example.com,+1-601-423-2786,1965-07-15,UK
P00098,Lily,Hall,lily.hall@example.com,+1-989-963-1809,1972-07-27,Australia
P00099,Anthony,Wright,anthony.wright@example.com,+1-128-470-9473,1990-03-12,Germany
P00100,George,Hall,george.hall@example.com,+1-345-824-6942,1957-10-01,UK
